,Nombre,Detalles,Precio actual,Precio anterior,Descuento
1,Laptop Lenovo Ideapad S540 Intel Core I7 10ma Generación,na,3599.0,3599.0,0
2,Laptop Lenovo Ideapad S540 Intel Core I5 10ma Gen 8gb 512gb ,na,2959.0,2959.0,0
3,Laptop Lenovo Legion 15.6 I7ma 16gb 1tbssd Rtx2060 Super6gb,na,7199.0,7199.0,0
4,Laptop Hp 250 G7 Core I7-1065g7 8gb/1tb/2v/15.6' Freedos,na,3500.0,3500.0,0
5,Laptop Lenovo Legion 7 Intel Core I7 10ma Gen Cuotas Sin Int,na,8999.0,8999.0,0
6,Laptop Lenovo Legion 5 Amd Ryzen 5 8gb Rtx 2060,na,5299.0,5299.0,0
7,Laptop Lenovo Thinkpad l13 Yoga Intel Core I5 + Combo,na,4649.0,4649.0,0
8,Nuevo Hp 14 Fhd Intel 10th Gen I3 1005g1 3.4ghz 8gb Ram 2...,na,2409.0,2409.0,0
9,Laptop Asus Vivobook 15 F512da Ryzen5 8gbram 512gbssd Vega 8,na,3599.0,3599.0,0
10,Laptop Asus Rog Strix G512li-bi7n10 I7 512gb 8gb,na,5449.0,7628.0,28% OFF
11,Laptop Gamer Asus Tuf Fx506 15.6' I5 10ma 8gb 512ssd V4gb  ,na,4399.0,4399.0,0
12,Laptop Lenovo Ideapad S540 Intel Core I5 10ma Generación,na,3459.0,3459.0,0
13,"Laptop Hp/dell Empresarial Ci7, 12gb, 1tb, Video Hd 2gb Hdmi",Reacondicionado,1489.0,1935.0,23% OFF
14,Laptop Empresarial Core I7  16gb 1 Tb + Ssd  Video Full Hd,Usado,1990.0,1990.0,0
15,Laptop Empresarial Dell / Hp /lenov 11.6 A 14  Ci5 4gb  Ssd ,Usado,999.0,1298.0,23% OFF
16,"Laptop Hp/dell Empresarial Ci7, 4gb, 1tb, Video Hd 2gb, Hdmi",Reacondicionado,1389.0,1805.0,23% OFF
17,Laptop Empresarial Hp Elitebook 840 G3 - Ci5 - 8gb - Ssd,Reacondicionado,1689.0,2199.0,23% OFF
18,Laptop Lenovo Ideapadflex 5 I5 10ma/512gbssd/16gb Bateri 10h,na,4599.0,4599.0,0
19,Laptop Lenovo Thinkpad l15 Intel Core I5 Ctas Sin Int Combo,na,3949.0,3949.0,0
20,Laptop Core I5 3ra Hp Dell Lenovo Asus Acer Toshiba 14 PuLG.,Usado,1339.0,1339.0,0
21,Laptop Asus Vivobook 14 F412da Ryzen7 8gb 512gbssd Vega 10!!,na,3789.0,3789.0,0
22,Laptop Hp 15-dy1005la I5 8gb 512gb Ssd + 32gb Intel Optane,na,3509.0,3509.0,0
23,"Laptop Empresarial Hp Probook 650g1, 15.6'', 8gb Ram, Ssd480",Reacondicionado,1889.0,1889.0,0
24,Laptop Core I5 6ta Hp Dell Lenovo Asus Acer Toshiba 14 PuLG.,Usado,1889.0,1889.0,0
25,Laptop Core I5 2da Hp Dell Lenovo Asus Acer Toshiba 14 PuLG.,Usado,1239.0,1239.0,0
26,Macbook Pro Retina Touch Bar 16 / Core I9 1tb 16gb / 2019,na,13750.0,13750.0,0
27,Asus Tuf A15 Ryzen 7 4800h 15.6' 16gb 1tb+512ssd Rtx2060 6gb,na,6399.0,6399.0,0
28,"Laptop Hp/dell Empresarial Ci7, 16gb, 1tb, Video Hd 2gb Hdmi",Reacondicionado,1689.0,2195.0,23% OFF
29,Macbook Pro Retina Touch Bar 13 2020 / 256gb 8gb / Stock Ya!,na,7399.0,7399.0,0
30,Nuevo Hp Pavilion 15.6 Fhd Ryzen 5 4600h 8gb 256gb Ssd Gt...,na,3889.0,3889.0,0
31,Laptop Asus Rog Zephirus G14 Ga401ih-br7n2bl 8gb 512gb Ssd,na,5499.0,7698.0,28% OFF
32,Laptop Lenovo Thinkpad x13 Yoga Intel Core I5 Ctas Sin Inter,na,6299.0,6299.0,0
33,Nuevo Laptop Hp 15.6 Intel Core I7 De 11a Generación 1165...,na,4719.0,4719.0,0
34,Dell Xps 15 7590 15 4k Uhd Oled I7 9750h 16gb Ram 512gb S...,na,8299.0,8299.0,0
35,Macbook Pro 13 (2020) Chip M1 Apple / 8gb Ram 256gb Ssd,na,6499.0,6499.0,0
36,Laptop Hp 1024 15.6' Ryzen 7 16gb 512ssd T. Iluminado Metal ,na,3999.0,3999.0,0
37,Laptop Lenovo 15.6  Core I3-7020u 1tb/4gb/2.3ghz Sellado,na,2299.0,2299.0,0
38,Laptop Lenovo Ideapad 5 Intel Core I7 10a Gen Cuotas Sin Int,na,3899.0,3899.0,0
39,Laptop Hp 15-dw2029la I7 10ma 15.6' 12gb 1tb+128ssd Vid. 2gb,na,4459.0,4459.0,0
40,"Laptop Hp Elitebook 8570p,ci7-16gb Ram,ssd 480gb",Usado,1989.0,1989.0,0
41,Laptop/tablet 2en1 Dactil Hp Pro X2 612 Corei5 8gb Ssd240gb,Reacondicionado,1689.0,1689.0,0
42,Nuevo Hp Pavilion X360 2 En 1 14 Hd Touch I3 1005g1 8gb 1...,na,2989.0,2989.0,0
43,"Laptop Hp Probook 640 G1, Ci7 4600 8gb , 1 Tb",Reacondicionado,1689.0,2195.0,23% OFF
44,Nuevo Lenovo Flex 3 11.6 2in1 Pantalla Táctil Chromebook...,na,1499.0,1499.0,0
45,Laptop Profesional Dell Precision M4800-4910mq 3d/cad Corei7,Reacondicionado,2790.0,2790.0,0
46,Laptop Asus X512da Ryzen5 3500u 15.6  12gb 128 Ssd+ 1tb Hdd,na,3599.0,3599.0,0
47,Laptop Apple Macbook Pro 13  M1 Z11f-myda-06 512gb Late 2020,na,8409.0,8409.0,0
48,Laptop Advance Barata Intel 4gb Ssd Escolares Office Zoom ,na,1400.0,1400.0,0
49,Lenovo Laptop Amd A6 Series 64gb Platinum Grey Nuevo Enví...,na,1349.0,1349.0,0
50,Nuevo Asus 15.6 C523na Ih44f Chromebook 15.6 Intel Celero...,na,1389.0,1389.0,0
51,Laptop Macbook Air Retina 2020 13.3 I5 256gb|ssd 8gb Ram!!,na,5199.0,5199.0,0
52,Asus Zephyrus G14 Ryzen 9 14.0' Fhd 16gb 1tb Ssd Rtx2060 6gb,na,6999.0,6999.0,0
53,Chuwi Gemibook Pro 14 2k 16g+512gb Ssd Ultrabook Matebook D,na,2498.0,2498.0,0
54,Sellado Hp 15.6 Hd Intel N6045u 4gb 128gb Ssd Rojo Escarl...,na,2209.0,2209.0,0
55,Laptop/tablet 2 En 1 Hp Revolve 810 Core I5. 8gb. Ssd. Touch,Reacondicionado,1490.0,1490.0,0
56,Ultrabook Lenovo Thinkpad Ci7 5ta Gen 12gb 1 Tb Full Hd 14 ,Reacondicionado,1990.0,1990.0,0
57,Laptop Core I5 8va Hp Dell Lenovo Asus Acer Toshiba 14 PuLG.,Usado,2149.0,2149.0,0
58,"Tornillos Para Pcs...envios A Provincia, Pack 100u,",na,10.0,10.0,0
59,Laptop Huawei Matebook D14 Modelo Ryzen 7 Ram 8gb 512gb 2021,na,3500.0,3500.0,0
60,A Estrenar Hp Stream 14 Hd Intel N4000 4gb Ram 64gb 14 Cb...,na,1929.0,1929.0,0
61, Macbook Air 2020 Core I3 256gb 8gb Nuevo Garantia 5 Tiendas,na,4198.0,4198.0,0
62,Chuwi Herobook Pro Laptop Windows 10 Intel 14.1 Notebook...,na,2099.0,2099.0,0
63,Laptop Teclast F6 Plus 8gb 13.3 Touch Screen Convertible 360,na,2499.0,2499.0,0
64,Ultrabook Lenovo Thinkpad Ci7 5ta Gen 4gb 1 Tb Full Hd 14 ,Reacondicionado,1790.0,1790.0,0
65,Dell Alienware Area 51m 17  I9 32gb 1tb 512gb Ssd Rtx 2080,na,17999.0,17999.0,0
66,Laptop 2020 Xiaomi Redmibook 16 R I7 16gb 512gb Ssd Matebook,na,4998.0,4998.0,0
67,Laptop Asus Zenbook Pro Duo 4k Tác I9 1tb Ssd 32gb Rtx 2060 ,na,15699.0,15699.0,0
68,Nuevo Hp 15.6 Full Hd Touchscreen Laptop Intel I7 1065g7...,na,4099.0,4099.0,0
69,"Laptop Hp Elitebook 840 G2 14  Core I5 5200u ,8 Gb Ram, 500 ",Reacondicionado,1490.0,1937.0,23% OFF
70,Laptop Asus Rog Strix G Gl531gt-rs73 Gaming I7 512gb 8gb,na,5399.0,7018.0,23% OFF
71,"Case Para Macbook Air, Retina, Air, Touch Bar, Pro Desd S/64",na,64.0,64.0,0
72,Macbook Pro Retina Touch Bar 16 / Core I7 512gb 16gb / 2019,na,12350.0,12350.0,0
73,Asus Rog Zephyrus M15 I7 10750h 16gb 1tb Ssd Rtx 2070 8gb,na,7499.0,7499.0,0
74,Laptop Macbook Pro 16  I7 6-core 16gb-512gb Ssd Video 4gb !!,na,11899.0,11899.0,0
75,Laptop Macbook Pro 2020 13 I5 2ghz 1tb Ssd 16gb Mwp52ll/a,na,8999.0,8999.0,0
76,"Laptop Alta Gama Hp Elitbook 840 G1, G2 Ci5, 5ta.gen 8gb Ssd",Reacondicionado,1589.0,1589.0,0
77,Laptop Hp Omen 17-cb1080 I7 10ma 16gb 512ssd 17.3fhd 8gb2070,na,10100.0,10100.0,0
78,Laptop Lenovo Legion 5 15imh05 15.6 Core I7 256gb 8gb,na,5349.0,6953.0,23% OFF
79,Laptop Lenovo Thinkbook Plus Intel Core I5 10ma Generación,na,4899.0,4899.0,0
80,Laptop Macbook Air Retina 2019 13.3 I5 Ssd 256gb 8gb Dorada ,na,6499.0,6499.0,0
81,Laptop Empresarial Hp/dell Ci5 5ta.gen. 4gb 1tb Hdmi 14.1 ,Usado,1590.0,1590.0,0
82,Laptop Lenovo Thinkpad l15 Intel Core I7 Ctas Sin Int  Combo,na,4149.0,4149.0,0
83,Lenovo Thinkpad X390 13.3 Fhd Ips I7 8665u 8gb 256gb Ssd...,na,5849.0,5849.0,0
84,Laptop Macbook Air 256gb Y 16gb De Ram Tienda La Molina,na,6500.0,6500.0,0
85,Laptop Hp 2034la I7 10ma 15.6' 12gb 1tb Video 2gb Mx330 (e,na,4199.0,4199.0,0
86,Nuevo Hp X360 15t 11th Gen Intel Core I7 16gb Ram 512gb S...,na,5279.0,5279.0,0
87,Laptop Dell Alienware M15-7593blk Intel Core I7 512gb 16gb,na,9709.0,12621.0,23% OFF
88,Macbook Air 2020 / M1 512gb 8gb / Full Stock Ya! / Apple,na,7050.0,7050.0,0
89,Hp Envy X360 2 En 1 15.6 Laptop Con Pantalla Táctil 15m E...,na,4329.0,4329.0,0
90,Laptop Lenovo Legion5 15.6  Core I7-10750h 16gb/512 Gb/w10,na,6399.0,7619.0,16% OFF
91,Laptop Msi Thin Gf65 I7 9na/512gb Ssd Gtx 1660 Ti 6gb Nuevas,na,5599.0,5599.0,0
92,Laptop Macbook Pro 2020 13 I5 10ma/512gb Ssd/16gb Ram Nueva!,na,8689.0,8689.0,0
93,Asus Expertbook  14  I7ma 16gb Ram 512gb Ssd Batería 24 Hora,na,7399.0,7399.0,0
94,Nuevo Hp 15.6 Fhd Laptop Core I7 1165g7 Hasta 512gb Ssd H...,na,5839.0,5839.0,0
95,Laptop Macbook Pro 2020 13 I5 8va /256gb Ssd/8gb Ram Nuevo!,na,6899.0,6899.0,0
96,Laptop Core I5 5ta Hp Dell Lenovo Asus Acer Toshiba 14 PuLG.,Usado,1679.0,1679.0,0
97,Laptop Macbook Pro 2020 13 I5 Ssd 512gb 8gb Selladas *** ,na,7699.0,7699.0,0
98,Laptop Hp Pavilion X360 2 En 1 14 Fhd Táctil (i5 1035g1 8...,na,3779.0,3779.0,0
99,Hp Pavilion 15.6 Gaming Amd Ryzen 5 4600h 8gb 256gb Nvidi...,na,3779.0,3779.0,0
100,"Laptop Hp Elitebook 820 G2, Intel Core I5 4gb Hdd 1tb 12.5 ",Reacondicionado,1489.0,1489.0,0
101,Lenovo Yoga C740 14 256gb Ssd I5 10210u 8gb Ram Pantalla...,na,3769.0,3769.0,0
102,Nuevo Hp 15.6 Fhd Ryzen 5 4600h 8gb 256gb Gtx 1650 15 Ec1...,na,3769.0,3769.0,0
103,Portátil Hp 15.6 Ryzen 5 8gb / 256gb Oro Rosa,na,3219.0,3219.0,0
104,Lenovo Ideapad 3 15 Hd Touch I3 1005g1 16gb Ram 512gb Ssd...,na,3589.0,3589.0,0
105, Laptop Lenovo Ideapad C340 14' Touch Amd Ryzen 5 3500u 8gb,na,3100.0,3100.0,0
106,Hp Stream 11.6 Celeron 4gb Ram 64gb Windows 10 Rose Pink...,na,1399.0,1399.0,0
107,Laptop Empresarial Dell 5450 Ci5 5ta.gen.16gb 1tb Hdmi 14.1 ,Reacondicionado,1890.0,1890.0,0
108,Nuevo Asus X512da Bts2020rl 15.6 Laptop Ryzen 5 / 8gb / 5...,na,3439.0,3439.0,0
109,Laptop Ideapad Flex 3 11.6 Ips 2-1 Intel 64gb Hdd 4gb Ram!!,na,1489.0,1489.0,0
110,Laptop Acer Aspire 5 Fhd I7-8va/512gb Ssd/8gb Ram Win10 Home,na,4399.0,4399.0,0
111,Macbook Air M1 256gb  2020 13.3 -sellado-garantia-6tiendas,na,4800.0,4800.0,0
112,Macbook Air Core I5 Pantalla 13' Apple Laptop / Tienda,Usado,2590.0,2590.0,0
113,Laptop Lenovo Thinkbook 14s Intel Core I5 10ma Generación ,na,3599.0,3599.0,0
114,Laptop Dell Latitude 3330 Intel C 1007u 1.5ghz 4gb Ssd 13.3 ,Reacondicionado,999.0,999.0,0
115,Laptop I7 7ma Hp Dell Lenovo Asus Acer Toshiba 15.6 Video2gb,Usado,2799.0,2799.0,0
116,Laptop Hp 15-gw0013la Ryzen 7 8gb 512gb Ssd 15.6  Fhd Win 10,na,3659.0,3659.0,0
117,Lenovo Ideapad 3 15.6 Pantalla Táctil Laptop Intel I5 12g...,na,3139.0,3139.0,0
118,"Case Para Macbook Pro 13.3'', 15.4''. (case For Mac)",na,64.0,64.0,0
119,Nuevo Asus Vivobook Thin Laptop 14 Fhd Ryzen 5 3500u 8gb...,na,3159.0,3159.0,0
120,Laptop Hp 15-gw0013la 15.6' Full Hd Ryzen 7 16gb 512gb Ssd,na,3699.0,3699.0,0
121,Laptop Lenovo Ideapad S340 14' Ryzen 5 8gb 256ssd Metal W10e,na,2899.0,2899.0,0
122,Lenovo Ideapad 1 14 Laptop Amd A6 Series 4gb Radeon R4 Am...,na,1289.0,1289.0,0
123,"Laptop Chuwi Herobook Pro, 8gb, 256gb Ssd, Fullhd, Matebook",na,1998.0,1998.0,0
124,Lenovo Ideapad 3 14 Fhd Intel Core I5 1035g1 8gb Ram 512g...,na,2989.0,2989.0,0
125,Lenovo Ideapad Flex 5 14 Fhd Portátil Táctil Ryzen 3 4300...,na,2609.0,2609.0,0
126,Laptop Hp 15.6 Core I5-8250u Dd 1tb/ram 4gb Ddr4 Sellado,na,2999.0,2999.0,0
127,Msi Gf65 Thin 15.6'' Fhd Ci7-9750h 16gb 512ssd 6gb Rtx2060,na,5799.0,5799.0,0
128,Laptop Hp 240 G7 I3 1005g1 10ma 4gb Hdd 1tb 14 PuLG,na,1999.0,1999.0,0
129,Lenovo Legion 5 144hz Ci7-10750h 16gb 1tb+512ssd 6gb Rtx2060,na,6699.0,6699.0,0
130,Asus Rog Hero Iii G531gw Ci7-9750h 16gb 512ssd Rtx2070 8gb,na,8399.0,8399.0,0
131,Dell 15 5593 Ci7-1065g7 15.6'' Fhd 16gb 1tb+256ssd 4gb Mx230,na,4699.0,4699.0,0
132,Msi Gf75 Thin 17.3  144hz Ci7-10750 16gb 512ssd Gtx1650 4gb ,na,6157.0,6157.0,0
133,Laptop Huawei Matebook X Pro 2020+mouse Opti. Y Funda Gratis,na,5600.0,5600.0,0
134,Asus Vivobook S512fl Ci7 10ma 15' 16gb 512ssd 2gb Mx250 2020,na,4999.0,4999.0,0
135,Laptop Lenovo Legion 5 I7-10ma 16gb 1tb.m2 Rtx2060 144hz,na,6000.0,6000.0,0
136,Nuevo Hp 15.6 Hd Amd Ryzen 3 3250u 3.5ghz 1tb Hdd + 128gb...,na,2609.0,2609.0,0
137,Lenovo Ideapad Flex 5 14 Fhd Ips Amd Ryzen 3 4300u 4gb 12...,na,2489.0,2489.0,0
138,"Laptop Empresarial Hp Probook 650g1, 15.6'' 16gb Ram, Ssd480",Reacondicionado,1989.0,1989.0,0
139,Real Genuine Apple Macbook Pro 16 16 Pulgadas 2019 2020 S...,na,739.0,739.0,0
140,Laptop Hp Envy 15 X360 15.6' Ci5 10210u 8gb 512ssd Iris 2021,na,4249.0,4249.0,0
141,Tornillos Tapa Apple Macbook Pro 13 15 17 Color Silver,na,30.0,30.0,0
142,"Laptop Empresarial Hp Probook 650g1, 15.6'', 8gb Ram, 1tb",Reacondicionado,1889.0,1889.0,0
143,"Laptop Alta Gama Hp Elitbook 840 G1,g2 Ci5, 5ta.gen 16gb Ssd",Reacondicionado,1789.0,1789.0,0
144,Laptop Refurbished Empresarial Dell Ci7 12gb Ssd 13.3/14'',Reacondicionado,1489.0,1935.0,23% OFF
145,"Laptop Alta Gama Hp Probook 640 G1, G2 Ci5, 6ta.gen 1tb Ssd",Reacondicionado,1489.0,1935.0,23% OFF
146,Laptop Dell Latitude Intel 4ta Gen Ci7 8gb 1 Tb 14.1   Hdmi,Reacondicionado,1790.0,1790.0,0
147,"Laptop Empresarial Hp Probook 650g1, 15.6'', 4gb Ram, Ssd480",Reacondicionado,1689.0,1689.0,0
148,Laptop I5 6ta Hp Dell Lenovo Asus Acer Toshiba 15.6 PuLG.,Usado,1739.0,1739.0,0
149,Lenovo 14 Hd Intel Gold 2.4ghz 4gb Ram 128gb Ssd Win10 We...,na,1869.0,1869.0,0
150,Nuevo Hp Chromebook 14 Hd Laptop Celeron N4000 4g 32g 14a...,na,1499.0,1499.0,0
151,Nuevo Lenovo Ideapad 3 14iml05 14 Hd Laptop 6405u 4gb 128...,na,1589.0,1589.0,0
152,Laptop Hp 14  Ryzen 3 2200u 1tb/4gb Ddr4,na,2299.0,2299.0,0
153,Laptop Empresarial Dell 5450 Ci5 5ta.gen. 4gb 1tb Hdmi 14.1 ,Reacondicionado,1490.0,1490.0,0
154,Lenovo 2 En 1 Chromebook Flex 3 11.6 Pantalla Táctil Medi...,na,1449.0,1449.0,0
155,Nuevo Acer Chromebook Spin 311 11.6 Pantalla Táctil Conve...,na,1499.0,1499.0,0
156, Laptop Refurbished Empresarial Dell Ci7 4gb Ssd 13.3/14'',Reacondicionado,1389.0,1805.0,23% OFF
157,Nuevo Hp Chromebook 14 Hd Intel Quad Core 2.7ghz 64gb Ssd...,na,1649.0,1649.0,0
158,Laptop Empresarial Lenovo /dell/ Hp Ci5 4gb Ssd Dvdrw 14  Hd,Usado,999.0,999.0,0
159,Acer A315 Core I7 10ma 8gb 1tb 2gb Nvidia 15.6 W10 Epj Peru,na,3549.0,3549.0,0
160,Case Macbook Air 2018 A1932 ,na,89.0,89.0,0
161,Nuevo Hp Stream Blue 14 Intel Celeron 4gb / 64gb Laptop C...,na,1589.0,1589.0,0
162,Laptop Hp Amd Ryzen 3 4gb Ram 128gb Ssd Win10 14  Hd,na,2099.0,2799.0,25% OFF
163,Laptop Empresarial Dell 5450 Ci5 5ta.gen.12gb 1tb Hdmi 14.1 ,Reacondicionado,1790.0,1790.0,0
164,"Laptop Hp 14  245 G6, Amd A9,ram 8gb,disco Duro 1tb Nuevo",na,2399.0,2399.0,0
165,Laptop I5 5ta Hp Dell Lenovo Asus Acer Toshiba 15.6 PuLG.,Usado,1849.0,1849.0,0
166,"Laptop Lenovo Thinkpad E15 I5-10210u 16gb 1tb, 20rds0uw00",na,4209.0,4209.0,0
167,Laptop Lenovo Chromebook 300e 2nd Gen - Pantalla Tactil,na,1599.0,1599.0,0
168,"Case Para Macbook + Protector De Teclado Air, Retina, Pro,",na,110.0,110.0,0
169,Case Huawei Matebook D 14,na,100.0,100.0,0
170,Apple Macbook Pro 15 Intel I7 Ddr4 16gb Ssd 1tb 2019,na,2200.0,2200.0,0
171,Hp Chromebook 11.6 Intel Celeron 4gb Ram 32 Gb Memoria Fl...,na,1239.0,1239.0,0
172,"Case Para Macbook Air 11.6'', 13.3''. (case For Mac)",na,64.0,64.0,0
173,"Case Para Macbook Retina 12'', 13.3'', 15.4''",na,64.0,64.0,0
174,"Laptop  15,6' I3-5005u  8gb 256ssd W10",na,1499.0,1499.0,0
175,Apple Macbook Air 6.2 A1466 13 Laptop I7-4650u 8gb 256gb Ss,na,1819.0,1819.0,0
176,"Lenovo Chromebook Duet  2 En1 Mediatek 4gb 64gb 10,1",na,1349.0,1819.0,25% OFF
177,Matebook D14 Huawei Case Protector ,na,115.0,115.0,0
178,Hp Notebook 240 G5/ Ci5-6200u/ 16gb/ Hdd 1tb/ 14p/ Hdmi/ Dvd,Usado,1990.0,1990.0,0
179,Acer Predator Ci7 10750h 16gb 1tb+512gbssd Rtx2060 6gb 144hz,na,2000.0,2000.0,0
180,Case Protector Funda Huawei Matebook D 15,na,100.0,100.0,0
181,Insignia Case @ Macbook Pro 13 2015 2014 2013 A1502 A1425,na,109.0,149.0,26% OFF
182,Case Insignia @ Macbook Pro 13 2015 2014 2013 A1502 A1425,na,109.0,149.0,26% OFF
183,Hp Envy X360 Laptop -15t-ed000 Touch  Product 191b5av_1,na,9000.0,9000.0,0
184,Macbook Pro 13  A1278 : Flex Disco Duro Hard Drive 2009-2012,na,160.0,160.0,0
185,"Case Para Macbook Touchbar, Retina, Pro, Air En Black",na,64.0,64.0,0
186,Case Para Macbook Air 13.3 2012-2017 / Air 2018 Modelo A1932,na,69.0,69.0,0
187,Lenovo Yoga Book Real Pen Nuevo Envío Gratuito,na,439.0,439.0,0
188,Adaptador De M.2 A Ssd Ngff Macbook Air A1465 A1466 2012,na,80.0,80.0,0
189,Laptop Lenovo Thinkpad T470 I5,na,3600.0,3600.0,0
190,2020 Apple Macbook Pro 15  I7 1tb Ssd 16gb Ram,na,3200.0,3200.0,0
191,Protector De Teclado Macbook ,na,35.0,35.0,0
192,Cargador Magsafe 1/2 ( 45w ) (65w) (85w) Compatible Con Logo,na,259.0,259.0,0
193,"Huawei Matebook D 14 Amd R5 - 8gb + 512gb, Nuevo Gris",na,1500.0,1500.0,0
194,Flex De Disco Duro Macbook Pro Mac 13  A1278 2009 2010 2011,na,140.0,140.0,0
195," Hp Pavilion Gaming 15-ec0002la, 8gb Ram, 1tb Hdd, 256gb Ssd",na,3000.0,3000.0,0
196,Gamer Alienware M17 R3 Con 17'3 Pulgadas Windows 10 ,na,2657.0,2657.0,0
197,Case Fintie Para Macbook Pro 13 2019 A1706 A1708 A1989 A2159,na,135.0,135.0,0
198,Laptop Microsoft 15 Surface Book 3 I7ma 512gb Ssd 32gb Ram,na,2500.0,2500.0,0
199,Laptop Compaq Presario V3718la - 14.1  Amd Athlon Repuestos,Usado,100.0,100.0,0
200,Dumps Bios De Laptops .,na,25.0,25.0,0
